{
    "time_to_stabilize": 57.15342044830322,
    "time_to_binary": 331.9067738056183,
    "time_to_alpha": 400.97289633750916,
    "time_to_matted": 400.97289776802063,
    "time_to_output": 400.9728982448578
}